,, Step ,200
,, Step ,300
,, Step ,0
,, Step ,100
,, Step ,100
,, Step ,100
,, Step ,0
,, Step ,100
,, Step ,100
,, Step ,0
,, Step ,100
,, Step ,0
,, Step ,100
,, Step ,100
,, Step ,100
,, Step ,100
,, Step ,0
,, Step ,0
,, Step ,100
,, Step ,100
,, Step ,0
,, Step ,100
,, Step ,100
,, Step ,100
,, Step ,100
,, Step ,0
,, Step ,100
,, Step ,0
,, Step ,0
,, Step ,100
,, Step ,100
,, Step ,0
,, Step ,100
,, Step ,0
,, Step ,0
,, Step ,100
,, Step ,100
,, Step ,0
,, Step ,0
,, Step ,100
,, Step ,0
,, Step ,100
,, Step ,100
,, Step ,100
,, Step ,100
,, Step ,100
,, Step ,0
,, Step ,100
,, Step ,100
,, Step ,0
,, Step ,100
,, Step ,0
,, Step ,100
,, Step ,100
,, Step ,100
,, Step ,200
,, Step ,100
,, Step ,100
,, Step ,0
,, Step ,100
,, Step ,0
,, Step ,100
,, Step ,0
,, Step ,100
,, Step ,0
,, Step ,100
,, Step ,0
,, Step ,100
,, Step ,0
,, Step ,0
,, Step ,100
,, Step ,0
,, Step ,100
,, Step ,100
,, Step ,100
,, Step ,0
,, Step ,100
,, Step ,0
,, Step ,0
,, Step ,0
,, Step ,0
,, Step ,100
,, Step ,100
,, Step ,100
,, Step ,100
,, Step ,100
,, Step ,100
,, Step ,0
,, Step ,0
,, Step ,100
,, Step ,100
,, Step ,100
,, Step ,0
,, Step ,0
,, Step ,100
,, Step ,100
,, Step ,0
,, Step ,100
,, Step ,0
,, Step ,0
,, Step ,0
,, Step ,100
,, Step ,100
,, Step ,0
,, Step ,0
,, Step ,100
,, Step ,100
,, Step ,100
,, Step ,0
,, Step ,0
,, Step ,0
,, Step ,0
,, Step ,100
,, Step ,0
,, Step ,100
,, Step ,0
,, Step ,0
,, Step ,0
,, Step ,0
,, Step ,100
,, Step ,0
,, Step ,100
,, Step ,100
,, Step ,100
,, Step ,100
,, Step ,0
,, Step ,0
,, Step ,0
,, Step ,100
,, Step ,0
,, Step ,0
,, Step ,100
,, Step ,0
,, Step ,100
,, Step ,0
,, Step ,100
,, Step ,100
,, Step ,100
,, Step ,0
,, Step ,0
,, Step ,100
,, Step ,0
,, Step ,100
,, Step ,100
,, Step ,100
,, Step ,0
,, Step ,0
,, Step ,0
,, Step ,100
,, Step ,100
,, Step ,0
,, Step ,100
,, Step ,100
,, Step ,100
,, Step ,100
,, Step ,0
,, Step ,0
,, Step ,0
,, Step ,0
,, Step ,100
,, Step ,0
,, Step ,0
,, Step ,0
,, Step ,0
,, Step ,100
,, Step ,100
,, Step ,100
,, Step ,100
,, Step ,0
,, Step ,100
,, Step ,100
,, Step ,100
,, Step ,100
,, Step ,0
,, Step ,100
,, Step ,100
,, Step ,100
,, Step ,0
,, Step ,0
,, Step ,0
,, Step ,0
,, Step ,0
,, Step ,0
,, Step ,0
,, Step ,0
,, Step ,0
,, Step ,0
,, Step ,100
,, Step ,0
,, Step ,0
,, Step ,0
,, Step ,100
,, Step ,100
,, Step ,100
,, Step ,100
,, Step ,0
,, Step ,100
,, Step ,100
,, Step ,0
,, Step ,0
,, Step ,0
,, Step ,100
,, Step ,0
,, Step ,0
,, Step ,0
,, Step ,0
,, Step ,0
,, Step ,0
,, Step ,0
,, Step ,100
,, Step ,0
,, Step ,0
,, Step ,100
,, Step ,100
,, Step ,100
,, Step ,0
,, Step ,100
,, Step ,0
,, Step ,0
,, Step ,100
,, Step ,100
,, Step ,100
,, Step ,100
,, Step ,0
,, Step ,100
,, Step ,0
,, Step ,0
,, Step ,100
,, Step ,0
,, Step ,0
,, Step ,100
,, Step ,100
,, Step ,0
,, Step ,0
,, Step ,0
,, Step ,0
,, Step ,0
,, Step ,0
,, Step ,0
,, Step ,100
,, Step ,0
,, Step ,0
,, Step ,100
,, Step ,0
,, Step ,0
,, Step ,100
,, Step ,100
,, Step ,100
,, Step ,0
,, Step ,0
,, Step ,0
,, Step ,100
,, Step ,0
,, Step ,0
,, Step ,100
,, Step ,100
,, Step ,100
,, Step ,0
,, Step ,100
,, Step ,0
,, Step ,100
,, Step ,0
,, Step ,100
,, Step ,100
,, Step ,100
,, Step ,100
,, Step ,0
,, Step ,100
,, Step ,0
,, Step ,100
,, Step ,0
,, Step ,100
,, Step ,0
,, Step ,100
,, Step ,100
,, Step ,0
,, Step ,100
,, Step ,100
,, Step ,100
,, Step ,100
,, Step ,100
,, Step ,100
,, Step ,0
,, Step ,100
,, Step ,0
,, Step ,100
,, Step ,100
,, Step ,100
,, Step ,0
,, Step ,100
,, Step ,0
,, Step ,100
,, Step ,0
,, Step ,0
,, Step ,0
,, Step ,0
,, Step ,100
,, Step ,100
,, Step ,0
,, Step ,0
,, Step ,0
,, Step ,0
,, Step ,0
,, Step ,0
,, Step ,0
,, Step ,100
,, Step ,0
,, Step ,100
,, Step ,0
,, Step ,100
,, Step ,0
,, Step ,0
,, Step ,0
,, Step ,100
,, Step ,100
,, Step ,100
,, Step ,0
,, Step ,100
,, Step ,0
,, Step ,0
,, Step ,0
,, Step ,100
,, Step ,100
,, Step ,0
,, Step ,0
,, Step ,0
,, Step ,0
,, Step ,100
,, Step ,100
,, Step ,0
,, Step ,0
,, Step ,0
,, Step ,0
,, Step ,0
,, Step ,100
,, Step ,100
,, Step ,0
,, Step ,100
,, Step ,100
,, Step ,0
,, Step ,0
,, Step ,0
,, Step ,100
,, Step ,100
,, Step ,0
,, Step ,0
,, Step ,0
,, Step ,0
,, Step ,0
,, Step ,0
,, Step ,100
,, Step ,100
,, Step ,0
,, Step ,0
,, Step ,100
,, Step ,100
,, Step ,100
,, Step ,0
,, Step ,100
,, Step ,0
,, Step ,100
,, Step ,100
,, Step ,100
,, Step ,0
,, Step ,100
,, Step ,0
,, Step ,0
,, Step ,100
,, Step ,0
,, Step ,100
,, Step ,100
,, Step ,100
,, Step ,0
,, Step ,100
,, Step ,100
,, Step ,0
,, Step ,0
,, Step ,0
,, Step ,100
,, Step ,0
,, Step ,100
,, Step ,0
,, Step ,0
,, Step ,0
,, Step ,100
,, Step ,100
,, Step ,0
,, Step ,0
,, Step ,100
,, Step ,0
,, Step ,0
,, Step ,0
,, Step ,100
,, Step ,0
,, Step ,0
,, Step ,0
,, Step ,0
,, Step ,100
,, Step ,100
,, Step ,0
,, Step ,0
,, Step ,0
,, Step ,0
,, Step ,100
,, Step ,100
,, Step ,100
,, Step ,0
,, Step ,0
,, Step ,0
,, Step ,0
,, Step ,100
,, Step ,100
,, Step ,0
,, Step ,100
,, Step ,100
,, Step ,0
,, Step ,100
,, Step ,100
,, Step ,100
,, Step ,0
,, Step ,100
,, Step ,0
,, Step ,0
,, Step ,100
,, Step ,0
,, Step ,0
,, Step ,0
,, Step ,100
,, Step ,0
,, Step ,0
,, Step ,100
,, Step ,0
,, Step ,0
,, Step ,100
,, Step ,100
,, Step ,100
,, Step ,0
,, Step ,100
,, Step ,0
,, Step ,100
,, Step ,100
,, Step ,100
,, Step ,100
,, Step ,100
,, Step ,100
,, Step ,100
,, Step ,0
,, Step ,0
,, Step ,100
,, Step ,100
,, Step ,0
,, Step ,0
,, Step ,100
,, Step ,0
,, Step ,100
,, Step ,0
,, Step ,100
,, Step ,0
,, Step ,0
,, Step ,100
,, Step ,100
,, Step ,0
,, Step ,100
,, Step ,0
,, Step ,100
,, Step ,100
,, Step ,100
,, Step ,0
,, Step ,0
,, Step ,100
,, Step ,100
,, Step ,100
,, Step ,100
,, Step ,100
,, Step ,0
,, Step ,0
,, Step ,0
,, Step ,0
,, Step ,100
,, Step ,100
,, Step ,100
,, Step ,100
,, Step ,100
,, Step ,100
,, Step ,100
,, Step ,100
,, Step ,0
,, Step ,100
,, Step ,0
,, Step ,0
,, Step ,100
,, Step ,0
,, Step ,0
,, Step ,0
,, Step ,0
,, Step ,0
,, Step ,0
,, Step ,0
,, Step ,0
,, Step ,100
,, Step ,100
,, Step ,0
,, Step ,100
,, Step ,0
,, Step ,0
,, Step ,0
,, Step ,100
,, Step ,0
,, Step ,100
,, Step ,0
,, Step ,100
,, Step ,100
,, Step ,0
,, Step ,0
,, Step ,0
,, Step ,0
,, Step ,0
,, Step ,100
,, Step ,100
,, Step ,100
,, Step ,0
,, Step ,0
,, Step ,0
,, Step ,0
,, Step ,100
,, Step ,0
,, Step ,0
,, Step ,0
,, Step ,0
,, Step ,0
,, Step ,0
,, Step ,0
,, Step ,0
,, Step ,0
,, Step ,100
,, Step ,100
,, Step ,0
,, Step ,0
,, Step ,100
,, Step ,0
,, Step ,0
,, Step ,0
,, Step ,100
,, Step ,100
,, Step ,0
,, Step ,100
,, Step ,100
,, Step ,100
,, Step ,100
,, Step ,0
,, Step ,100
,, Step ,100
,, Step ,0
,, Step ,0
,, Step ,100
,, Step ,0
,, Step ,0
,, Step ,100
,, Step ,0
,, Step ,0
,, Step ,100
,, Step ,0
,, Step ,0
,, Step ,0
,, Step ,0
,, Step ,0
,, Step ,100
,, Step ,100
,, Step ,100
,, Step ,0
,, Step ,0
,, Step ,0
,, Step ,0
,, Step ,100
,, Step ,0
,, Step ,0
,, Step ,0
,, Step ,100
,, Step ,100
,, Step ,0
,, Step ,0
,, Step ,0
,, Step ,0
,, Step ,100
,, Step ,0
,, Step ,0
,, Step ,0
,, Step ,100
,, Step ,100
,, Step ,0
,, Step ,100
,, Step ,100
,, Step ,100
,, Step ,0
,, Step ,0
,, Step ,0
,, Step ,100
,, Step ,100
,, Step ,0
,, Step ,100
,, Step ,0
,, Step ,0
,, Step ,0
,, Step ,100
,, Step ,0
,, Step ,0
,, Step ,100
,, Step ,0
,, Step ,0
,, Step ,0
,, Step ,100
,, Step ,0
,, Step ,0
,, Step ,0
,, Step ,100
,, Step ,0
,, Step ,0
,, Step ,0
,, Step ,0
,, Step ,100
,, Step ,0
,, Step ,0
,, Step ,0
,, Step ,100
,, Step ,100
,, Step ,0
,, Step ,100
,, Step ,0
,, Step ,0
,, Step ,100
,, Step ,0
,, Step ,0
,, Step ,100
,, Step ,0
,, Step ,100
,, Step ,100
,, Step ,0
,, Step ,100
,, Step ,0
,, Step ,100
,, Step ,100
,, Step ,100
,, Step ,0
,, Step ,0
,, Step ,0
,, Step ,100
,, Step ,100
,, Step ,0
,, Step ,0
,, Step ,0
,, Step ,0
,, Step ,0
,, Step ,100
,, Step ,100
,, Step ,0
,, Step ,0
,, Step ,100
,, Step ,0
,, Step ,0
,, Step ,100
,, Step ,0
,, Step ,0
,, Step ,100
,, Step ,0
,, Step ,0
,, Step ,100
,, Step ,100
,, Step ,0
,, Step ,100
,, Step ,100
,, Step ,100
,, Step ,100
,, Step ,0
,, Step ,100
,, Step ,0
,, Step ,0
,, Step ,0
,, Step ,100
,, Step ,0
,, Step ,0
,, Step ,100
,, Step ,100
,, Step ,0
,, Step ,0
,, Step ,100
,, Step ,0
,, Step ,100
,, Step ,0
,, Step ,0
,, Step ,0
,, Step ,100
,, Step ,100
,, Step ,0
,, Step ,100
,, Step ,100
,, Step ,100
,, Step ,100
,, Step ,100
,, Step ,100
,, Step ,0
,, Step ,0
,, Step ,0
,, Step ,0
,, Step ,100
,, Step ,100
,, Step ,0
,, Step ,0
,, Step ,100
,, Step ,0
,, Step ,0
,, Step ,100
,, Step ,100
,, Step ,100
,, Step ,100
,, Step ,100
,, Step ,0
,, Step ,0
,, Step ,100
,, Step ,100
,, Step ,0
,, Step ,0
,, Step ,100
,, Step ,0
,, Step ,100
,, Step ,100
,, Step ,0
,, Step ,0
,, Step ,0
,, Step ,0
,, Step ,0
,, Step ,100
,, Step ,0
,, Step ,0
,, Step ,100
,, Step ,0
,, Step ,0
,, Step ,0
,, Step ,100
,, Step ,100
,, Step ,0
,, Step ,0
,, Step ,0
,, Step ,0
,, Step ,100
,, Step ,100
,, Step ,100
,, Step ,0
,, Step ,0
,, Step ,0
,, Step ,0
,, Step ,100
,, Step ,100
,, Step ,0
,, Step ,0
,, Step ,0
,, Step ,100
,, Step ,100
,, Step ,100
,, Step ,100
,, Step ,0
,, Step ,0
,, Step ,0
,, Step ,0
,, Step ,0
,, Step ,100
,, Step ,100
,, Step ,0
,, Step ,100
,, Step ,0
,, Step ,0
,, Step ,0
,, Step ,0
,, Step ,0
,, Step ,0
,, Step ,100
,, Step ,0
,, Step ,100
,, Step ,0
,, Step ,0
,, Step ,100
,, Step ,100
,, Step ,100
,, Step ,0
,, Step ,0
,, Step ,0
,, Step ,100
,, Step ,0
,, Step ,0
,, Step ,100
,, Step ,100
,, Step ,0
,, Step ,0
,, Step ,0
,, Step ,0
,, Step ,0
,, Step ,0
,, Step ,0
,, Step ,100
,, Step ,0
,, Step ,0
,, Step ,0
,, Step ,0
,, Step ,0
,, Step ,0
,, Step ,100
,, Step ,0
,, Step ,100
,, Step ,0
,, Step ,100
,, Step ,100
,, Step ,0
,, Step ,100
,, Step ,0
,, Step ,0
,, Step ,0
,, Step ,0
,, Step ,100
,, Step ,100
,, Step ,100
,, Step ,100
,, Step ,100
,, Step ,100
,, Step ,100
,, Step ,100
,, Step ,100
,, Step ,0
,, Step ,100
,, Step ,0
,, Step ,0
,, Step ,100
,, Step ,100
,, Step ,100
,, Step ,0
,, Step ,0
,, Step ,0
,, Step ,0
,, Step ,0
,, Step ,0
,, Step ,100
,, Step ,100
,, Step ,100
,, Step ,0
,, Step ,0
,, Step ,0
,, Step ,100
,, Step ,0
,, Step ,100
,, Step ,100
,, Step ,0
,, Step ,0
,, Step ,0
,, Step ,0
,, Step ,0
,, Step ,0
,, Step ,100
,, Step ,100
,, Step ,0
,, Step ,100
,, Step ,100
,, Step ,100
,, Step ,100
,, Step ,0
,, Step ,100
,, Step ,100
,, Step ,100
,, Step ,100
,, Step ,0
,, Step ,0
,, Step ,0
,, Step ,0
,, Step ,0
,, Step ,0
,, Step ,100
,, Step ,0
,, Step ,0
,, Step ,100
,, Step ,0
,, Step ,100
,, Step ,0
,, Step ,0
,, Step ,0
,, Step ,100
,, Step ,0
,, Step ,0
,, Step ,100
,, Step ,0
,, Step ,0
,, Step ,100
,, Step ,100
,, Step ,0
,, Step ,100
,, Step ,100
,, Step ,0
,, Step ,100
,, Step ,0
,, Step ,0
,, Step ,100
,, Step ,100
,, Step ,0
,, Step ,100
,, Step ,0
,, Step ,0
,, Step ,0
,, Step ,0
,, Step ,0
,, Step ,100
,, Step ,100
,, Step ,0
,, Step ,0
,, Step ,0
,, Step ,0
,, Step ,0
,, Step ,0
,, Step ,0
,, Step ,100
,, Step ,0
,, Step ,0
,, Step ,100
,, Step ,0
,, Step ,0
,, Step ,0
,, Step ,100
,, Step ,100
,, Step ,0
,, Step ,0
,, Step ,0
,, Step ,0
,, Step ,0
,, Step ,0
,, Step ,0
,, Step ,0
,, Step ,0
,, Step ,100
,, Step ,100
,, Step ,0
,, Step ,0
,, Step ,0
,, Step ,0
,, Step ,0
,, Step ,0
,, Step ,0
,, Step ,0
,, Step ,0
,, Step ,0
,, Step ,100
,, Step ,0
,, Step ,100
,, Step ,0
,, Step ,0
,, Step ,0
,, Step ,0
,, Step ,0
,, Step ,0
,, Step ,0
,, Step ,0
,, Step ,100
,, Step ,100
,, Step ,100
,, Step ,100
,, Step ,100
,, Step ,100
,, Step ,100
,, Step ,0
,, Step ,0
,, Step ,100
,, Step ,100
,, Step ,100
,, Step ,100
,, Step ,0
,, Step ,100
,, Step ,0
,, Step ,0
,, Step ,0
,, Step ,100
,, Step ,0
,, Step ,100
,, Step ,0
,, Step ,100
,, Step ,100
,, Step ,0
,, Step ,100
,, Step ,0
,, Step ,100
,, Step ,100
,, Step ,100
,, Step ,100
,, Step ,100
,, Step ,0
,, Step ,0
,, Step ,0
,, Step ,0
,, Step ,0
,, Step ,0
,, Step ,0
,, Step ,0
,, Step ,0
,, Step ,0
,, Step ,0
,, Step ,0
,, Step ,100
,, Step ,100
,, Step ,0
,, Step ,100
,, Step ,0
,, Step ,0
,, Step ,0
,, Step ,0
,, Step ,100
,, Step ,0
,, Step ,0
,, Step ,100
,, Step ,100
,, Step ,0
,, Step ,100
,, Step ,100
,, Step ,100
,, Step ,0
,, Step ,0
,, Step ,0
,, Step ,0
,, Step ,0
,, Step ,0
,, Step ,0
,, Step ,0
,, Step ,0
,, Step ,0
,, Step ,0
,, Step ,0
,, Step ,0
,, Step ,0
,, Step ,0
,, Step ,100
,, Step ,100
,, Step ,0
,, Step ,0
,, Step ,0
,, Step ,0
,, Step ,0
,, Step ,100
,, Step ,100
,, Step ,100
,, Step ,0
,, Step ,100
,, Step ,100
,, Step ,100
,, Step ,0
,, Step ,100
,, Step ,0
,, Step ,0
,, Step ,0
,, Step ,0
,, Step ,100
,, Step ,100
,, Step ,100
,, Step ,100
,, Step ,100
,, Step ,0
,, Step ,0
,, Step ,100
,, Step ,0
,, Step ,0
,, Step ,0
,, Step ,0
,, Step ,0
,, Step ,0
,, Step ,100
,, Step ,100
,, Step ,0
,, Step ,100
,, Step ,100
,, Step ,100
,, Step ,100
,, Step ,100
,, Step ,0
,, Step ,0
,, Step ,0
,, Step ,100
,, Step ,0
,, Step ,100
,, Step ,0
,, Step ,0
,, Step ,0
,, Step ,0
,, Step ,100
,, Step ,0
,, Step ,100
,, Step ,0
,, Step ,0
,, Step ,0
,, Step ,0
,, Step ,100
,, Step ,0
,, Step ,0
,, Step ,100
,, Step ,100
,, Step ,100
,, Step ,100
,, Step ,0
,, Step ,0
,, Step ,100
,, Step ,100
,, Step ,0
,, Step ,100
,, Step ,0
,, Step ,100
,, Step ,100
,, Step ,0
,, Step ,0
,, Step ,100
,, Step ,0
,, Step ,0
,, Step ,0
,, Step ,0
,, Step ,0
,, Step ,100
,, Step ,0
,, Step ,0
,, Step ,0
,, Step ,0
,, Step ,100
,, Step ,0
,, Step ,100
,, Step ,100
,, Step ,0
,, Step ,0
,, Step ,100
,, Step ,0
,, Step ,0
,, Step ,0
,, Step ,0
,, Step ,0
,, Step ,0
,, Step ,0
,, Step ,0
,, Step ,0
,, Step ,0
,, Step ,100
,, Step ,0
,, Step ,0
,, Step ,0
,, Step ,100
,, Step ,0
,, Step ,0
,, Step ,0
,, Step ,0
,, Step ,100
,, Step ,100
,, Step ,0
,, Step ,100
,, Step ,100
,, Step ,0
,, Step ,0
,, Step ,100
,, Step ,0
,, Step ,0
,, Step ,0
,, Step ,100
,, Step ,100
,, Step ,100
,, Step ,100
,, Step ,0
,, Step ,0
,, Step ,100
,, Step ,100
,, Step ,100
,, Step ,100
,, Step ,0
,, Step ,0
,, Step ,0
,, Step ,0
,, Step ,0
,, Step ,0
,, Step ,0
,, Step ,100
,, Step ,0
,, Step ,100
,, Step ,100
,, Step ,0
,, Step ,100
,, Step ,0
,, Step ,0
,, Step ,0
,, Step ,0
,, Step ,0
,, Step ,0
,, Step ,0
,, Step ,0
,, Step ,0
,, Step ,0
,, Step ,0
,, Step ,0
,, Step ,100
,, Step ,0
,, Step ,100
,, Step ,0
,, Step ,0
,, Step ,100
,, Step ,100
,, Step ,0
,, Step ,100
,, Step ,100
,, Step ,0
,, Step ,0
,, Step ,0
,, Step ,100
,, Step ,0
,, Step ,100
,, Step ,0
,, Step ,0
,, Step ,100
,, Step ,0
,, Step ,0
,, Step ,100
,, Step ,100
,, Step ,100
,, Step ,0
,, Step ,0
,, Step ,0
,, Step ,100
,, Step ,0
,, Step ,100
,, Step ,100
,, Step ,100
,, Step ,0
,, Step ,0
,, Step ,0
,, Step ,0
,, Step ,0
,, Step ,0
,, Step ,100
,, Step ,0
,, Step ,0
,, Step ,0
,, Step ,0
,, Step ,100
,, Step ,100
,, Step ,0
,, Step ,100
,, Step ,0
,, Step ,0
,, Step ,0
,, Step ,100
,, Step ,0
,, Step ,0
,, Step ,0
,, Step ,100
,, Step ,100
,, Step ,100
,, Step ,0
,, Step ,0
,, Step ,100
,, Step ,0
,, Step ,100
,, Step ,0
,, Step ,0
,, Step ,0
,, Step ,100
,, Step ,100
,, Step ,0
,, Step ,100
,, Step ,100
,, Step ,100
,, Step ,100
,, Step ,100
,, Step ,0
,, Step ,100
,, Step ,0
,, Step ,0
,, Step ,0
,, Step ,0
,, Step ,0
,, Step ,0
,, Step ,100
,, Step ,100
,, Step ,100
,, Step ,0
,, Step ,100
,, Step ,0
,, Step ,100
,, Step ,0
,, Step ,0
,, Step ,100
,, Step ,0
,, Step ,0
,, Step ,0
,, Step ,0
,, Step ,0
,, Step ,0
,, Step ,0
,, Step ,0
,, Step ,0
,, Step ,0
,, Step ,100
,, Step ,0
,, Step ,100
,, Step ,0
,, Step ,100
,, Step ,0
,, Step ,0
,, Step ,0
,, Step ,0
,, Step ,0
,, Step ,0
,, Step ,100
,, Step ,0
,, Step ,0
,, Step ,0
,, Step ,100
,, Step ,100
,, Step ,100
,, Step ,0
,, Step ,0
,, Step ,0
,, Step ,0
,, Step ,0
,, Step ,0
,, Step ,0
,, Step ,0
,, Step ,0
,, Step ,0
,, Step ,100
,, Step ,100
,, Step ,0
,, Step ,0
,, Step ,0
,, Step ,100
,, Step ,0
,, Step ,0
,, Step ,100
,, Step ,0
,, Step ,0
,, Step ,0
,, Step ,0
,, Step ,100
,, Step ,100
,, Step ,100
,, Step ,0
,, Step ,0
,, Step ,0
,, Step ,0
,, Step ,100
,, Step ,0
,, Step ,0
,, Step ,100
,, Step ,100
,, Step ,100
,, Step ,0
,, Step ,100
,, Step ,100
,, Step ,100
,, Step ,100
,, Step ,100
,, Step ,0
,, Step ,0
,, Step ,100
,, Step ,0
,, Step ,0
,, Step ,0
,, Step ,100
,, Step ,100
,, Step ,100
,, Step ,0
,, Step ,100
,, Step ,100
,, Step ,0
,, Step ,100
,, Step ,100
,, Step ,0
,, Step ,100
,, Step ,0
,, Step ,100
,, Step ,100
,, Step ,100
,, Step ,0
,, Step ,0
,, Step ,100
,, Step ,0
,, Step ,0
,, Step ,0
,, Step ,100
,, Step ,100
,, Step ,0
,, Step ,0
,, Step ,0
,, Step ,0
,, Step ,0
,, Step ,0
,, Step ,0
,, Step ,0
,, Step ,100
,, Step ,0
,, Step ,0
,, Step ,100
,, Step ,0
,, Step ,100
,, Step ,100
,, Step ,0
,, Step ,0
,, Step ,100
,, Step ,0
,, Step ,0
,, Step ,100
,, Step ,0
,, Step ,0
,, Step ,0
,, Step ,0
,, Step ,100
,, Step ,100
,, Step ,100
,, Step ,0
,, Step ,0
,, Step ,0
,, Step ,0
,, Step ,0
,, Step ,100
,, Step ,100
,, Step ,0
,, Step ,100
,, Step ,0
,, Step ,0
,, Step ,0
,, Step ,0
,, Step ,0
,, Step ,100
,, Step ,0
,, Step ,0
,, Step ,0
,, Step ,100
,, Step ,0
,, Step ,0
,, Step ,100
,, Step ,0
,, Step ,0
,, Step ,0
,, Step ,0
,, Step ,0
,, Step ,0
,, Step ,100
,, Step ,100
,, Step ,100
,, Step ,0
,, Step ,0
,, Step ,100
,, Step ,0
,, Step ,0
,, Step ,100
,, Step ,100
,, Step ,0
,, Step ,0
,, Step ,0
,, Step ,0
,, Step ,0
,, Step ,0
,, Step ,0
,, Step ,0
,, Step ,0
,, Step ,0
,, Step ,0
,, Step ,0
,, Step ,0
,, Step ,0
,, Step ,0
,, Step ,0
,, Step ,100
,, Step ,0
,, Step ,0
,, Step ,100
,, Step ,0
,, Step ,0
,, Step ,0
,, Step ,100
,, Step ,100
,, Step ,0
,, Step ,0
,, Step ,0
,, Step ,0
,, Step ,100
,, Step ,0
,, Step ,0
,, Step ,0
,, Step ,100
,, Step ,0
,, Step ,0
,, Step ,0
,, Step ,0
,, Step ,0
,, Step ,100
,, Step ,0
,, Step ,100
,, Step ,100
,, Step ,0
,, Step ,0
,, Step ,100
,, Step ,0
,, Step ,0
,, Step ,0
,, Step ,100
,, Step ,0
,, Step ,0
,, Step ,0
,, Step ,100
,, Step ,0
,, Step ,0
,, Step ,0
,, Step ,100
,, Step ,0
,, Step ,0
,, Step ,0
,, Step ,0
,, Step ,0
,, Step ,0
,, Step ,100
,, Step ,100
,, Step ,0
,, Step ,0
,, Step ,0
,, Step ,100
,, Step ,100
,, Step ,100
,, Step ,100
,, Step ,100
,, Step ,0
,, Step ,0
,, Step ,100
,, Step ,100
,, Step ,100
,, Step ,0
,, Step ,0
,, Step ,0
,, Step ,0
,, Step ,0
,, Step ,0
,, Step ,0
,, Step ,100
,, Step ,0
,, Step ,100
,, Step ,100
,, Step ,100
,, Step ,0
,, Step ,0
,, Step ,0
,, Step ,0
,, Step ,0
,, Step ,0
,, Step ,100
,, Step ,0
,, Step ,0
,, Step ,0
,, Step ,100
,, Step ,100
,, Step ,100
,, Step ,0
,, Step ,0
,, Step ,100
,, Step ,0
,, Step ,100
,, Step ,100
,, Step ,100
,, Step ,100
,, Step ,100
,, Step ,100
,, Step ,100
,, Step ,100
,, Step ,0
,, Step ,100
,, Step ,100
,, Step ,100
,, Step ,0
,, Step ,0
,, Step ,0
,, Step ,0
,, Step ,0
,, Step ,0
,, Step ,0
,, Step ,0
,, Step ,0
,, Step ,0
,, Step ,100
,, Step ,100
,, Step ,100
,, Step ,100
,, Step ,0
,, Step ,0
,, Step ,0
,, Step ,100
,, Step ,100
,, Step ,0
,, Step ,0
,, Step ,100
,, Step ,100
,, Step ,100
,, Step ,0
,, Step ,0
,, Step ,0
,, Step ,100
,, Step ,0
,, Step ,0
,, Step ,100
,, Step ,0
,, Step ,0
,, Step ,0
,, Step ,100
,, Step ,100
,, Step ,0
,, Step ,0
,, Step ,0
,, Step ,100
,, Step ,0
,, Step ,100
,, Step ,100
,, Step ,0
,, Step ,0
,, Step ,100
,, Step ,0
,, Step ,100
,, Step ,100
,, Step ,100
,, Step ,0
,, Step ,0
,, Step ,100
,, Step ,100
,, Step ,0
,, Step ,0
,, Step ,0
,, Step ,0
,, Step ,0
,, Step ,100
,, Step ,100
,, Step ,100
,, Step ,100
,, Step ,0
,, Step ,0
,, Step ,0
,, Step ,0
,, Step ,100
,, Step ,100
,, Step ,100
,, Step ,100
,, Step ,100
,, Step ,100
,, Step ,0
,, Step ,0
,, Step ,0
,, Step ,0
,, Step ,0
,, Step ,0
,, Step ,100
,, Step ,100
,, Step ,100
,, Step ,100
,, Step ,100
,, Step ,0
,, Step ,100
,, Step ,0
,, Step ,0
,, Step ,0
,, Step ,0
,, Step ,0
,, Step ,0
,, Step ,0
,, Step ,0
,, Step ,0
,, Step ,0
,, Step ,0
,, Step ,0
,, Step ,0
,, Step ,100
,, Step ,0
,, Step ,0
,, Step ,0
,, Step ,0
,, Step ,0
,, Step ,0
,, Step ,100
,, Step ,100
,, Step ,100
,, Step ,100
,, Step ,0
,, Step ,0
,, Step ,0
,, Step ,100
,, Step ,100
,, Step ,0
,, Step ,0
,, Step ,0
,, Step ,0
,, Step ,100
,, Step ,0
,, Step ,0
,, Step ,0
,, Step ,0
,, Step ,100
,, Step ,0
,, Step ,100
,, Step ,0
,, Step ,0
,, Step ,100
,, Step ,0
,, Step ,0
,, Step ,0
,, Step ,0
,, Step ,0
,, Step ,100
,, Step ,100
,, Step ,0
,, Step ,0
,, Step ,0
,, Step ,100
,, Step ,0
,, Step ,0
,, Step ,0
,, Step ,100
,, Step ,0
,, Step ,100
,, Step ,0
,, Step ,0
,, Step ,0
,, Step ,100
,, Step ,0
,, Step ,0
,, Step ,0
,, Step ,0
,, Step ,0
,, Step ,100
,, Step ,100
,, Step ,100
,, Step ,100
,, Step ,100
,, Step ,0
,, Step ,0
,, Step ,0
,, Step ,0
,, Step ,0
,, Step ,0
,, Step ,0
,, Step ,0
,, Step ,0
,, Step ,0
,, Step ,100
,, Step ,100
,, Step ,0
,, Step ,0
,, Step ,0
,, Step ,0
,, Step ,0
,, Step ,100
,, Step ,100
,, Step ,100
,, Step ,100
,, Step ,100
,, Step ,100
,, Step ,0
,, Step ,100
,, Step ,100
,, Step ,0
,, Step ,100
,, Step ,0
,, Step ,0
,, Step ,0
,, Step ,0
,, Step ,0
,, Step ,0
,, Step ,0
,, Step ,0
,, Step ,100
,, Step ,100
,, Step ,100
,, Step ,100
,, Step ,0
,, Step ,100
,, Step ,0
,, Step ,0
,, Step ,0
,, Step ,0
,, Step ,0
,, Step ,0
,, Step ,100
,, Step ,100
,, Step ,0
,, Step ,0
,, Step ,0
,, Step ,100
,, Step ,0
,, Step ,0
,, Step ,0
,, Step ,100
,, Step ,100
,, Step ,0
,, Step ,0
,, Step ,100
,, Step ,100
,, Step ,0
,, Step ,0
,, Step ,0
,, Step ,0
,, Step ,0
,, Step ,0
,, Step ,0
,, Step ,0
,, Step ,0
,, Step ,0
,, Step ,0
,, Step ,100
,, Step ,100
,, Step ,0
,, Step ,0
,, Step ,0
,, Step ,100
,, Step ,0
,, Step ,0
,, Step ,0
,, Step ,0
,, Step ,100
,, Step ,0
,, Step ,0
,, Step ,0
,, Step ,0
,, Step ,0
,, Step ,100
,, Step ,0
,, Step ,100
,, Step ,0
,, Step ,0
,, Step ,0
,, Step ,0
,, Step ,0
,, Step ,0
,, Step ,0
,, Step ,100
,, Step ,0
,, Step ,100
,, Step ,0
,, Step ,0
,, Step ,100
,, Step ,0
,, Step ,100
,, Step ,0
,, Step ,0
,, Step ,0
,, Step ,100
,, Step ,100
,, Step ,0
,, Step ,0
,, Step ,100
,, Step ,100
,, Step ,100
,, Step ,100
,, Step ,100
,, Step ,0
,, Step ,100
,, Step ,100
,, Step ,0
,, Step ,0
,, Step ,0
,, Step ,0
,, Step ,0
,, Step ,0
,, Step ,100
,, Step ,100
,, Step ,100
,, Step ,100
,, Step ,100
,, Step ,100
,, Step ,100
,, Step ,0
,, Step ,0
,, Step ,0
,, Step ,0
,, Step ,0
,, Step ,100
,, Step ,100
,, Step ,100
,, Step ,100
,, Step ,0
,, Step ,0
,, Step ,0
,, Step ,100
,, Step ,100
,, Step ,100
,, Step ,100
,, Step ,100
,, Step ,100
,, Step ,100
,, Step ,0
,, Step ,0
,, Step ,100
,, Step ,100
,, Step ,100
,, Step ,0
,, Step ,0
,, Step ,0
,, Step ,0
,, Step ,100
,, Step ,100
,, Step ,100
,, Step ,0
,, Step ,0
,, Step ,0
,, Step ,0
,, Step ,0
,, Step ,100
,, Step ,0
,, Step ,100
,, Step ,0
,, Step ,0
,, Step ,0
,, Step ,100
,, Step ,0
,, Step ,0
,, Step ,0
,, Step ,0
,, Step ,100
,, Step ,100
,, Step ,0
,, Step ,100
,, Step ,0
,, Step ,0
,, Step ,100
,, Step ,100
,, Step ,0
,, Step ,100
,, Step ,0
,, Step ,0
,, Step ,0
,, Step ,100
,, Step ,0
,, Step ,0
,, Step ,100
,, Step ,100
,, Step ,100
,, Step ,100
,, Step ,100
,, Step ,100
,, Step ,0
,, Step ,0
,, Step ,100
,, Step ,0
,, Step ,0
,, Step ,0
,, Step ,0
,, Step ,0
,, Step ,0
,, Step ,100
,, Step ,0
,, Step ,100
,, Step ,100
,, Step ,100
,, Step ,0
,, Step ,0
,, Step ,100
,, Step ,100
,, Step ,100
,, Step ,100
,, Step ,0
,, Step ,0
,, Step ,0
,, Step ,0
,, Step ,100
,, Step ,0
,, Step ,0
,, Step ,0
,, Step ,100
,, Step ,0
,, Step ,100
,, Step ,0
,, Step ,0
,, Step ,100
,, Step ,100
,, Step ,0
,, Step ,0
,, Step ,100
,, Step ,100
,, Step ,0
,, Step ,100
,, Step ,100
,, Step ,0
,, Step ,0
,, Step ,0
,, Step ,0
,, Step ,100
,, Step ,100
,, Step ,100
,, Step ,100
,, Step ,0
,, Step ,0
,, Step ,0
,, Step ,100
,, Step ,0
,, Step ,0
,, Step ,0
,, Step ,0
,, Step ,0
,, Step ,0
,, Step ,0
,, Step ,0
,, Step ,0
,, Step ,0
,, Step ,100
,, Step ,0
,, Step ,0
,, Step ,0
,, Step ,100
,, Step ,100
,, Step ,0
,, Step ,100
,, Step ,100
,, Step ,0
,, Step ,0
,, Step ,100
,, Step ,0
,, Step ,0
,, Step ,0
,, Step ,100
,, Step ,100
,, Step ,0
,, Step ,0
,, Step ,0
,, Step ,0
,, Step ,100
,, Step ,100
,, Step ,0
,, Step ,0
,, Step ,0
,, Step ,100
,, Step ,0
,, Step ,0
,, Step ,0
,, Step ,0
,, Step ,100
,, Step ,0
,, Step ,0
,, Step ,0
,, Step ,0
,, Step ,0
,, Step ,0
,, Step ,100
,, Step ,100
,, Step ,0
,, Step ,0
,, Step ,0
,, Step ,0
,, Step ,100
,, Step ,0
,, Step ,0
,, Step ,100
,, Step ,0
,, Step ,100
,, Step ,0
,, Step ,100
,, Step ,0
,, Step ,0
,, Step ,100
,, Step ,0
,, Step ,0
,, Step ,0
,, Step ,100
,, Step ,0
,, Step ,0
,, Step ,0
,, Step ,0
,, Step ,100
,, Step ,0
,, Step ,0
,, Step ,0
,, Step ,100
,, Step ,100
,, Step ,0
,, Step ,100
,, Step ,0
,, Step ,0
,, Step ,0
,, Step ,0
,, Step ,0
,, Step ,0
,, Step ,0
,, Step ,0
,, Step ,100
,, Step ,100
,, Step ,100
,, Step ,0
,, Step ,100
,, Step ,0
,, Step ,0
,, Step ,0
,, Step ,0
,, Step ,100
,, Step ,0
,, Step ,0
,, Step ,100
,, Step ,0
,, Step ,100
,, Step ,0
,, Step ,100
,, Step ,100
,, Step ,0
,, Step ,100
,, Step ,0
,, Step ,0
,, Step ,0
,, Step ,0
,, Step ,100
,, Step ,0
,, Step ,0
,, Step ,0
,, Step ,0
,, Step ,0
,, Step ,0
,, Step ,100
,, Step ,0
,, Step ,0
,, Step ,0
,, Step ,100
,, Step ,100
,, Step ,100
,, Step ,0
,, Step ,0
,, Step ,100
,, Step ,100
,, Step ,0
,, Step ,0
,, Step ,0
,, Step ,100
,, Step ,100
,, Step ,0
,, Step ,0
,, Step ,0
,, Step ,0
,, Step ,0
,, Step ,0
,, Step ,0
,, Step ,100
,, Step ,0
,, Step ,0
,, Step ,100
,, Step ,100
,, Step ,100
,, Step ,0
,, Step ,100
,, Step ,0
,, Step ,0
,, Step ,100
,, Step ,100
,, Step ,100
,, Step ,0
,, Step ,0
,, Step ,100
,, Step ,100
,, Step ,0
,, Step ,100
,, Step ,100
,, Step ,100
,, Step ,100
,, Step ,100
,, Step ,0
,, Step ,0
,, Step ,0
,, Step ,0
,, Step ,100
,, Step ,100
,, Step ,0
,, Step ,100
,, Step ,0
,, Step ,0
,, Step ,0
,, Step ,100
,, Step ,100
,, Step ,0
,, Step ,100
,, Step ,0
,, Step ,0
,, Step ,0
,, Step ,0
,, Step ,0
,, Step ,0
,, Step ,100
,, Step ,0
,, Step ,0
,, Step ,0
,, Step ,0
,, Step ,0
,, Step ,0
,, Step ,100
,, Step ,0
,, Step ,0
,, Step ,0
,, Step ,100
,, Step ,100
,, Step ,0
,, Step ,0
,, Step ,0
,, Step ,100
,, Step ,0
,, Step ,100
,, Step ,0
,, Step ,0
,, Step ,100
,, Step ,0
,, Step ,100
,, Step ,100
,, Step ,100
,, Step ,0
,, Step ,100
,, Step ,100
,, Step ,100
,, Step ,0
,, Step ,0
,, Step ,100
,, Step ,0
,, Step ,100
,, Step ,100
,, Step ,0
,, Step ,0
,, Step ,100
,, Step ,0
,, Step ,100
,, Step ,0
,, Step ,100
,, Step ,100
,, Step ,100
,, Step ,0
,, Step ,0
,, Step ,100
,, Step ,100
,, Step ,0
,, Step ,0
,, Step ,100
,, Step ,0
,, Step ,0
,, Step ,0
,, Step ,100
,, Step ,0
,, Step ,100
,, Step ,0
,, Step ,0
,, Step ,0
,, Step ,0
,, Step ,100
,, Step ,100
,, Step ,0
,, Step ,100
,, Step ,0
,, Step ,100
,, Step ,100
,, Step ,0
,, Step ,0
,, Step ,0
,, Step ,0
,, Step ,100
,, Step ,0
,, Step ,0
,, Step ,100
,, Step ,100
,, Step ,0
,, Step ,100
,, Step ,0
,, Step ,0
,, Step ,100
,, Step ,100
,, Step ,0
,, Step ,0
,, Step ,0
,, Step ,0
,, Step ,100
,, Step ,100
,, Step ,0
,, Step ,100
,, Step ,100
,, Step ,100
,, Step ,0
,, Step ,0
,, Step ,100
,, Step ,100
,, Step ,0
,, Step ,0
,, Step ,100
,, Step ,100
,, Step ,100
,, Step ,100
,, Step ,0
,, Step ,0
,, Step ,0
,, Step ,0
,, Step ,0
,, Step ,0
,, Step ,0
,, Step ,0
,, Step ,100
,, Step ,0
,, Step ,0
,, Step ,0
,, Step ,0
,, Step ,100
,, Step ,100
,, Step ,100
,, Step ,0
,, Step ,100
,, Step ,0
,, Step ,100
,, Step ,0
,, Step ,0
,, Step ,0
,, Step ,0
,, Step ,0
,, Step ,0
,, Step ,0
,, Step ,100
,, Step ,0
,, Step ,0
,, Step ,0
,, Step ,0
,, Step ,0
,, Step ,0
,, Step ,100
,, Step ,0
,, Step ,100
,, Step ,0
,, Step ,0
,, Step ,0
,, Step ,0
,, Step ,100
,, Step ,0
,, Step ,0
,, Step ,100
,, Step ,0
,, Step ,100
,, Step ,0
,, Step ,100
,, Step ,0
,, Step ,0
,, Step ,0
,, Step ,0
,, Step ,0
,, Step ,100
,, Step ,0
,, Step ,100
,, Step ,0
,, Step ,0
,, Step ,0
,, Step ,0
,, Step ,0
,, Step ,100
,, Step ,0
,, Step ,0
,, Step ,0
,, Step ,0
,, Step ,0
,, Step ,100
,, Step ,0
,, Step ,100
,, Step ,0
,, Step ,0
,, Step ,0
,, Step ,100
,, Step ,0
,, Step ,0
,, Step ,0
,, Step ,0
,, Step ,100
,, Step ,0
,, Step ,0
,, Step ,100
,, Step ,100
,, Step ,0
,, Step ,0
,, Step ,100
,, Step ,0
,, Step ,0
,, Step ,100
,, Step ,0
,, Step ,0
,, Step ,100
,, Step ,0
,, Step ,0
,, Step ,0
,, Step ,0
,, Step ,100
,, Step ,0
,, Step ,0
,, Step ,0
,, Step ,100
,, Step ,0
,, Step ,100
,, Step ,0
,, Step ,0
,, Step ,100
,, Step ,0
,, Step ,100
,, Step ,0
,, Step ,0
,, Step ,100
,, Step ,0
,, Step ,0
,, Step ,100
,, Step ,0
,, Step ,0
,, Step ,100
,, Step ,0
,, Step ,0
,, Step ,0
,, Step ,0
,, Step ,0
,, Step ,0
,, Step ,0
,, Step ,0
,, Step ,0
,, Step ,0
,, Step ,0
,, Step ,0
,, Step ,100
,, Step ,0
,, Step ,0
,, Step ,0
,, Step ,0
,, Step ,0
,, Step ,100
,, Step ,0
,, Step ,0
,, Step ,0
,, Step ,100
,, Step ,0
,, Step ,0
,, Step ,100
,, Step ,0
,, Step ,0
,, Step ,100
,, Step ,0
,, Step ,100
,, Step ,0
,, Step ,0
,, Step ,0
,, Step ,0
,, Step ,0
,, Step ,0
,, Step ,100
,, Step ,0
,, Step ,0
,, Step ,0
,, Step ,0
,, Step ,0
,, Step ,100
,, Step ,0
,, Step ,100
,, Step ,100
,, Step ,0
,, Step ,0
,, Step ,0
,, Step ,0
,, Step ,100
,, Step ,0
,, Step ,100
,, Step ,0
,, Step ,100
,, Step ,0
,, Step ,0
,, Step ,0
,, Step ,100
,, Step ,0
,, Step ,0
,, Step ,0
,, Step ,0
,, Step ,100
,, Step ,0
,, Step ,0
,, Step ,0
,, Step ,0
,, Step ,0
,, Step ,0
,, Step ,0
,, Step ,100
,, Step ,100
,, Step ,100
,, Step ,0
,, Step ,0
,, Step ,0
,, Step ,100
,, Step ,0
,, Step ,0
,, Step ,0
,, Step ,0
,, Step ,0
,, Step ,100
,, Step ,0
,, Step ,100
,, Step ,0
,, Step ,0
,, Step ,100
,, Step ,0
,, Step ,0
,, Step ,0
,, Step ,0
,, Step ,0
,, Step ,100
,, Step ,0
,, Step ,0
,, Step ,0
,, Step ,100
,, Step ,100
,, Step ,0
,, Step ,0
,, Step ,0
,, Step ,0
,, Step ,0
,, Step ,0
,, Step ,0
,, Step ,0
,, Step ,100
,, Step ,0
,, Step ,0
,, Step ,0
,, Step ,100
,, Step ,100
,, Step ,0
,, Step ,0
,, Step ,0
,, Step ,0
,, Step ,0
,, Step ,0
,, Step ,0
,, Step ,100
,, Step ,0
,, Step ,100
,, Step ,0
,, Step ,0
,, Step ,0
,, Step ,0
,, Step ,0
,, Step ,100
,, Step ,0
,, Step ,0
,, Step ,100
,, Step ,100
,, Step ,0
,, Step ,0
,, Step ,0
,, Step ,0
,, Step ,0
,, Step ,0
,, Step ,0
,, Step ,0
,, Step ,0
,, Step ,0
,, Step ,0
,, Step ,0
,, Step ,0
,, Step ,100
,, Step ,0
,, Step ,0
,, Step ,0
,, Step ,0
,, Step ,0
,, Step ,0
,, Step ,0
,, Step ,100
,, Step ,0
,, Step ,100
,, Step ,0
,, Step ,0
,, Step ,0
,, Step ,0
,, Step ,0
,, Step ,0
,, Step ,100
,, Step ,0
,, Step ,0
,, Step ,100
,, Step ,100
,, Step ,0
,, Step ,0
,, Step ,0
,, Step ,0
,, Step ,0
,, Step ,0
,, Step ,0
,, Step ,100
,, Step ,0
,, Step ,100
,, Step ,0
,, Step ,100
,, Step ,0
,, Step ,100
,, Step ,0
,, Step ,0
,, Step ,0
,, Step ,0
,, Step ,100
,, Step ,0
,, Step ,0
,, Step ,100
,, Step ,0
,, Step ,0
,, Step ,0
,, Step ,0
,, Step ,0
,, Step ,100
,, Step ,0
,, Step ,100
,, Step ,0
,, Step ,100
,, Step ,100
,, Step ,0
,, Step ,0
,, Step ,100
,, Step ,100
,, Step ,0
,, Step ,100
,, Step ,100
,, Step ,0
,, Step ,100
,, Step ,0
,, Step ,100
,, Step ,0
,, Step ,0
,, Step ,100
,, Step ,100
,, Step ,0
,, Step ,0
,, Step ,0
,, Step ,0
,, Step ,0
,, Step ,100
,, Step ,0
,, Step ,0
,, Step ,100
,, Step ,0
,, Step ,0
,, Step ,0
,, Step ,100
,, Step ,100
,, Step ,0
,, Step ,0
,, Step ,0
,, Step ,0
,, Step ,0
,, Step ,100
,, Step ,0
,, Step ,0
,, Step ,100
,, Step ,0
,, Step ,0
,, Step ,0
,, Step ,0
,, Step ,0
,, Step ,0
,, Step ,0
,, Step ,0
,, Step ,0
,, Step ,0
,, Step ,0
,, Step ,0
,, Step ,100
,, Step ,100
,, Step ,0
,, Step ,0
,, Step ,0
,, Step ,0
,, Step ,100
,, Step ,0
,, Step ,100
,, Step ,100
,, Step ,0
,, Step ,0
,, Step ,100
,, Step ,0
,, Step ,0
,, Step ,0
,, Step ,0
,, Step ,100
,, Step ,0
,, Step ,0
,, Step ,0
,, Step ,100
,, Step ,0
,, Step ,0
,, Step ,0
,, Step ,0
,, Step ,100
,, Step ,100
,, Step ,0
,, Step ,100
,, Step ,0
,, Step ,0
,, Step ,0
,, Step ,100
,, Step ,100
,, Step ,0
,, Step ,0
,, Step ,0
,, Step ,100
,, Step ,0
,, Step ,0
,, Step ,0
,, Step ,100
,, Step ,0
,, Step ,100
,, Step ,0
,, Step ,0
,, Step ,100
,, Step ,0
,, Step ,0
,, Step ,0
,, Step ,0
,, Step ,0
,, Step ,0
,, Step ,0
,, Step ,0
,, Step ,0
,, Step ,0
,, Step ,0
,, Step ,0
,, Step ,100
,, Step ,0
,, Step ,100
,, Step ,0
,, Step ,0
,, Step ,0
,, Step ,0
,, Step ,0
,, Step ,100
,, Step ,0
,, Step ,0
,, Step ,0
,, Step ,100
,, Step ,0
,, Step ,0
,, Step ,0
,, Step ,100
,, Step ,100
,, Step ,0
,, Step ,0
,, Step ,0
,, Step ,0
,, Step ,100
,, Step ,0
,, Step ,100
,, Step ,0
,, Step ,0
,, Step ,100
,, Step ,0
,, Step ,0
,, Step ,0
,, Step ,0
,, Step ,100
,, Step ,0
,, Step ,0
,, Step ,0
,, Step ,0
,, Step ,0
,, Step ,100
,, Step ,0
,, Step ,0
,, Step ,0
,, Step ,100
,, Step ,0
,, Step ,0
,, Step ,0
,, Step ,0
,, Step ,0
,, Step ,0
,, Step ,0
,, Step ,100
,, Step ,0
,, Step ,0
,, Step ,100
,, Step ,0
,, Step ,0
,, Step ,0
,, Step ,0
,, Step ,0
,, Step ,0
,, Step ,0
,, Step ,0
,, Step ,0
,, Step ,0
,, Step ,0
,, Step ,0
,, Step ,0
,, Step ,0
,, Step ,0
,, Step ,0
,, Step ,0
,, Step ,0
,, Step ,0
,, Step ,0
,, Step ,100
,, Step ,0
,, Step ,0
,, Step ,0
,, Step ,0
,, Step ,0
,, Step ,0
,, Step ,0
,, Step ,0
,, Step ,0
,, Step ,0
,, Step ,0
,, Step ,0
,, Step ,0
,, Step ,0
,, Step ,0
,, Step ,0
,, Step ,0
,, Step ,100
,, Step ,0
,, Step ,0
,, Step ,100
,, Step ,0
,, Step ,0
,, Step ,0
,, Step ,0
,, Step ,0
,, Step ,0
,, Step ,0
,, Step ,0
,, Step ,0
,, Step ,100
,, Step ,0
,, Step ,100
,, Step ,0
,, Step ,0
,, Step ,0
,, Step ,0
,, Step ,100
,, Step ,0
,, Step ,100
,, Step ,0
,, Step ,0
,, Step ,100
,, Step ,100
,, Step ,0
,, Step ,100
,, Step ,0
,, Step ,0
,, Step ,100
,, Step ,0
,, Step ,100
,, Step ,0
,, Step ,100
,, Step ,100
,, Step ,0
,, Step ,0
,, Step ,100
,, Step ,0
,, Step ,0
,, Step ,0
,, Step ,0
,, Step ,0
,, Step ,0
,, Step ,0
,, Step ,100
,, Step ,0
,, Step ,0
,, Step ,100
,, Step ,0
,, Step ,100
,, Step ,0
,, Step ,100
,, Step ,0
,, Step ,0
,, Step ,100
,, Step ,0
,, Step ,0
,, Step ,0
,, Step ,0
,, Step ,0
,, Step ,100
,, Step ,0
,, Step ,100
,, Step ,0
,, Step ,0
,, Step ,0
,, Step ,100
,, Step ,0
,, Step ,100
,, Step ,0
,, Step ,100
,, Step ,0
,, Step ,100
,, Step ,0
,, Step ,0
,, Step ,100
,, Step ,0
,, Step ,100
,, Step ,100
,, Step ,0
,, Step ,100
,, Step ,0
,, Step ,100
,, Step ,0
,, Step ,100
,, Step ,0
,, Step ,100
,, Step ,0
,, Step ,0
,, Step ,100
,, Step ,0
,, Step ,100
,, Step ,0
,, Step ,0
,, Step ,0
,, Step ,0
,, Step ,100
,, Step ,0
,, Step ,100
,, Step ,0
,, Step ,0
,, Step ,100
,, Step ,0
,, Step ,0
,, Step ,100
,, Step ,0
,, Step ,0
,, Step ,0
,, Step ,0
,, Step ,0
,, Step ,0
,, Step ,0
,, Step ,0
,, Step ,0
,, Step ,0
,, Step ,0
,, Step ,100
,, Step ,0
,, Step ,0
,, Step ,100
,, Step ,0
,, Step ,0
,, Step ,0
,, Step ,0
,, Step ,0
,, Step ,100
,, Step ,0
,, Step ,0
,, Step ,0
,, Step ,100
,, Step ,0
,, Step ,100
,, Step ,0
,, Step ,100
,, Step ,0
,, Step ,0
,, Step ,100
,, Step ,100
,, Step ,0
,, Step ,100
,, Step ,0
,, Step ,0
,, Step ,0
,, Step ,0
,, Step ,0
,, Step ,0
,, Step ,100
,, Step ,0
,, Step ,0
,, Step ,0
,, Step ,0
,, Step ,100
,, Step ,0
,, Step ,100
,, Step ,0
,, Step ,0
,, Step ,0
,, Step ,0
,, Step ,0
,, Step ,0
,, Step ,100
,, Step ,100
,, Step ,0
,, Step ,0
,, Step ,0
,, Step ,100
,, Step ,0
,, Step ,0
,, Step ,0
,, Step ,100
,, Step ,0
,, Step ,0
,, Step ,0
,, Step ,100
,, Step ,0
,, Step ,0
,, Step ,0
,, Step ,0
,, Step ,0
,, Step ,100
,, Step ,0
,, Step ,100
,, Step ,0
,, Step ,100
,, Step ,0
,, Step ,0
,, Step ,100
,, Step ,0
,, Step ,0
,, Step ,0
,, Step ,100
,, Step ,0
,, Step ,100
,, Step ,0
,, Step ,100
,, Step ,0
,, Step ,0
,, Step ,0
,, Step ,0
,, Step ,0
,, Step ,0
,, Step ,100
,, Step ,100
,, Step ,100
,, Step ,0
,, Step ,100
,, Step ,0
,, Step ,0
,, Step ,0
,, Step ,0
,, Step ,0
,, Step ,0
,, Step ,100
,, Step ,0
,, Step ,0
,, Step ,0
,, Step ,0
,, Step ,0
,, Step ,0
,, Step ,0
,, Step ,0
,, Step ,0
,, Step ,100
,, Step ,100
,, Step ,100
,, Step ,100
,, Step ,0
,, Step ,0
,, Step ,100
,, Step ,0
,, Step ,0
,, Step ,0
,, Step ,100
,, Step ,0
,, Step ,0
,, Step ,0
,, Step ,0
,, Step ,0
,, Step ,0
,, Step ,0
,, Step ,0
,, Step ,0
,, Step ,0
,, Step ,0
,, Step ,100
,, Step ,0
,, Step ,0
,, Step ,0
,, Step ,0
,, Step ,0
,, Step ,0
,, Step ,0
,, Step ,0
,, Step ,0
,, Step ,0
,, Step ,0
,, Step ,0
,, Step ,0
,, Step ,100
,, Step ,0
,, Step ,100
,, Step ,100
,, Step ,0
,, Step ,0
,, Step ,0
,, Step ,0
,, Step ,100
,, Step ,0
,, Step ,0
,, Step ,0
,, Step ,0
,, Step ,100
,, Step ,0
,, Step ,0
,, Step ,0
,, Step ,0
,, Step ,100
,, Step ,0
,, Step ,0
,, Step ,0
,, Step ,100
,, Step ,0
,, Step ,0
,, Step ,0
,, Step ,0
,, Step ,0
,, Step ,0
,, Step ,0
,, Step ,0
,, Step ,0
,, Step ,100
,, Step ,0
,, Step ,0
,, Step ,0
,, Step ,0
,, Step ,0
,, Step ,0
,, Step ,0
,, Step ,0
,, Step ,0
,, Step ,100
,, Step ,0
,, Step ,0
,, Step ,0
,, Step ,100
,, Step ,100
,, Step ,0
,, Step ,100
,, Step ,0
,, Step ,0
,, Step ,100
,, Step ,0
,, Step ,0
,, Step ,0
,, Step ,100
,, Step ,100
,, Step ,0
,, Step ,0
,, Step ,100
,, Step ,0
,, Step ,0
,, Step ,0
,, Step ,0
,, Step ,0
,, Step ,0
,, Step ,100
,, Step ,0
,, Step ,0
,, Step ,100
,, Step ,100
,, Step ,100
,, Step ,0
,, Step ,0
,, Step ,0
,, Step ,0
,, Step ,0
,, Step ,0
,, Step ,100
,, Step ,0
,, Step ,100
,, Step ,0
,, Step ,100
,, Step ,0
,, Step ,0
,, Step ,0
,, Step ,0
,, Step ,0
,, Step ,0
,, Step ,0
,, Step ,0
,, Step ,100
,, Step ,100
,, Step ,100
,, Step ,0
,, Step ,0
,, Step ,0
,, Step ,100
,, Step ,100
,, Step ,100
,, Step ,100
,, Step ,100
,, Step ,100
,, Step ,0
,, Step ,0
,, Step ,0
,, Step ,0
,, Step ,0
,, Step ,0
,, Step ,100
,, Step ,0
,, Step ,0
,, Step ,0
,, Step ,0
,, Step ,0
,, Step ,100
,, Step ,0
,, Step ,100
,, Step ,0
,, Step ,0
,, Step ,0
,, Step ,0
,, Step ,0
,, Step ,0
,, Step ,0
,, Step ,0
,, Step ,100
,, Step ,100
,, Step ,0
,, Step ,0
,, Step ,100
,, Step ,0
,, Step ,0
,, Step ,0
,, Step ,0
,, Step ,0
,, Step ,0
,, Step ,0
,, Step ,100
,, Step ,0
,, Step ,100
,, Step ,100
,, Step ,100
,, Step ,100
,, Step ,0
,, Step ,0
,, Step ,0
,, Step ,0
,, Step ,100
,, Step ,0
,, Step ,0
,, Step ,0
,, Step ,0
,, Step ,0
,, Step ,100
,, Step ,0
,, Step ,0
,, Step ,0
,, Step ,0
,, Step ,100
,, Step ,0
,, Step ,0
,, Step ,0
,, Step ,0
,, Step ,100
,, Step ,100
,, Step ,0
,, Step ,0
,, Step ,0
,, Step ,0
,, Step ,100
,, Step ,0
,, Step ,100
,, Step ,0
,, Step ,0
,, Step ,0
,, Step ,100
,, Step ,100
,, Step ,100
,, Step ,0
,, Step ,100
,, Step ,0
,, Step ,100
,, Step ,0
,, Step ,0
,, Step ,0
,, Step ,100
,, Step ,0
,, Step ,0
,, Step ,0
,, Step ,0
,, Step ,100
,, Step ,100
,, Step ,100
,, Step ,0
,, Step ,0
,, Step ,0
,, Step ,0
,, Step ,100
,, Step ,100
,, Step ,0
,, Step ,0
,, Step ,0
,, Step ,100
,, Step ,0
,, Step ,0
,, Step ,0
,, Step ,0
,, Step ,0
,, Step ,0
,, Step ,100
,, Step ,0
,, Step ,0
,, Step ,100
,, Step ,0
,, Step ,0
,, Step ,100
,, Step ,0
,, Step ,100
,, Step ,0
,, Step ,0
,, Step ,0
,, Step ,0
,, Step ,0
,, Step ,0
,, Step ,0
,, Step ,0
,, Step ,0
,, Step ,0
,, Step ,100
,, Step ,0
,, Step ,0
,, Step ,100
,, Step ,0
,, Step ,0
,, Step ,100
,, Step ,0
,, Step ,0
,, Step ,0
,, Step ,100
,, Step ,0
,, Step ,0
,, Step ,100
,, Step ,0
,, Step ,100
,, Step ,0
,, Step ,100
,, Step ,0
,, Step ,0
,, Step ,100
,, Step ,0
,, Step ,0
,, Step ,0
,, Step ,100
,, Step ,0
,, Step ,0
,, Step ,0
,, Step ,0
,, Step ,0
,, Step ,0
,, Step ,100
,, Step ,0
,, Step ,100
,, Step ,100
,, Step ,0
,, Step ,0
,, Step ,0
,, Step ,0
,, Step ,100
,, Step ,0
,, Step ,0
,, Step ,100
,, Step ,0
,, Step ,0
,, Step ,100
,, Step ,100
,, Step ,0
,, Step ,0
,, Step ,100
,, Step ,0
,, Step ,100
,, Step ,100
,, Step ,0
,, Step ,0
,, Step ,0
,, Step ,0
,, Step ,0
,, Step ,0
,, Step ,100
,, Step ,0
,, Step ,0
,, Step ,0
,, Step ,0
,, Step ,0
,, Step ,0
,, Step ,0
,, Step ,100
,, Step ,0
,, Step ,100
,, Step ,0
,, Step ,100
,, Step ,0
,, Step ,0
,, Step ,100
,, Step ,0
,, Step ,0
,, Step ,0
,, Step ,0
,, Step ,0
,, Step ,100
,, Step ,0
,, Step ,0
,, Step ,0
,, Step ,0
,, Step ,100
,, Step ,0
,, Step ,100
,, Step ,0
,, Step ,0
,, Step ,0
,, Step ,100
,, Step ,0
,, Step ,0
,, Step ,0
,, Step ,0
,, Step ,100
,, Step ,0
,, Step ,100
,, Step ,0
,, Step ,0
,, Step ,0
,, Step ,0
,, Step ,0
,, Step ,100
,, Step ,100
,, Step ,0
,, Step ,0
,, Step ,100
,, Step ,0
,, Step ,100
,, Step ,0
,, Step ,100
,, Step ,0
,, Step ,0
,, Step ,100
,, Step ,0
,, Step ,0
,, Step ,0
,, Step ,100
,, Step ,0
,, Step ,100
,, Step ,0
,, Step ,0
,, Step ,0
,, Step ,0
,, Step ,0
,, Step ,0
,, Step ,100
,, Step ,0
,, Step ,100
,, Step ,0
,, Step ,0
,, Step ,0
,, Step ,0
,, Step ,100
,, Step ,0
,, Step ,0
,, Step ,0
,, Step ,100
,, Step ,0
,, Step ,100
,, Step ,0
,, Step ,100
,, Step ,0
,, Step ,100
,, Step ,0
,, Step ,0
,, Step ,0
,, Step ,0
,, Step ,100
,, Step ,0
,, Step ,0
,, Step ,100
,, Step ,0
,, Step ,100
,, Step ,0
,, Step ,0
,, Step ,0
,, Step ,100
,, Step ,0
,, Step ,0
,, Step ,0
,, Step ,0
,, Step ,0
,, Step ,0
,, Step ,0
,, Step ,100
,, Step ,0
,, Step ,100
,, Step ,0
,, Step ,0
,, Step ,0
,, Step ,0
,, Step ,100
,, Step ,0
,, Step ,100
,, Step ,0
,, Step ,0
,, Step ,0
,, Step ,100
,, Step ,0
,, Step ,100
,, Step ,0
,, Step ,0
,, Step ,100
,, Step ,0
,, Step ,0
,, Step ,0
,, Step ,0
,, Step ,100
,, Step ,0
,, Step ,0
,, Step ,0
,, Step ,100
,, Step ,0
,, Step ,0
,, Step ,100
,, Step ,0
,, Step ,0
,, Step ,100
,, Step ,0
,, Step ,100
,, Step ,100
,, Step ,0
,, Step ,0
,, Step ,0
,, Step ,0
,, Step ,0
,, Step ,0
,, Step ,100
,, Step ,0
,, Step ,100
,, Step ,0
,, Step ,0
,, Step ,0
,, Step ,0
,, Step ,0
,, Step ,0
,, Step ,0
,, Step ,0
,, Step ,0
,, Step ,0
,, Step ,0
,, Step ,100
,, Step ,0
,, Step ,0
,, Step ,0
,, Step ,100
,, Step ,0
,, Step ,100
,, Step ,0
,, Step ,0
,, Step ,0
,, Step ,0
,, Step ,0
,, Step ,0
,, Step ,0
,, Step ,0
,, Step ,0
,, Step ,0
,, Step ,0
,, Step ,0
,, Step ,100
,, Step ,0
,, Step ,0
,, Step ,100
,, Step ,0
,, Step ,0
,, Step ,0
,, Step ,0
,, Step ,100
,, Step ,0
,, Step ,0
,, Step ,0
,, Step ,100
,, Step ,0
,, Step ,100
,, Step ,0
,, Step ,0
,, Step ,0
,, Step ,100
,, Step ,0
,, Step ,100
,, Step ,100
,, Step ,0
,, Step ,0
,, Step ,100
,, Step ,0
,, Step ,100
,, Step ,0
,, Step ,100
,, Step ,0
,, Step ,0
,, Step ,0
,, Step ,0
,, Step ,0
,, Step ,0
,, Step ,0
,, Step ,0
,, Step ,0
,, Step ,0
,, Step ,0
,, Step ,0
,, Step ,0
,, Step ,0
,, Step ,0
,, Step ,0
,, Step ,0
,, Step ,0
,, Step ,100
,, Step ,0
,, Step ,0
,, Step ,0
,, Step ,0
,, Step ,0
,, Step ,0
,, Step ,0
,, Step ,0
,, Step ,0
,, Step ,0
,, Step ,100
,, Step ,0
,, Step ,0
,, Step ,0
,, Step ,100
,, Step ,0
,, Step ,0
